﻿<?xml version="1.0"?>

<FORM name="ODBC" helpid="2020401" >
	<SECTION name="ODBC_Section" label="TConfigForm_DBODBCSettings" helpid="610" >
		<GROUP name="ODBC_Primary_Tab" label="TODBCForm_PrimaryConnBox" >
		  
			<OPTION type="edit" name="0" function="odbc_storage" label="TODBCForm_NameL" />
			<OPTION type="edit" name="3" function="odbc_storage" label="TODBCForm_ServerL" />
			<OPTION type="edit" name="1" function="odbc_storage" label="TODBCForm_UserL" />
			<OPTION type="password" name="2" function="odbc_storage" label="TODBCForm_PassL" />
		</GROUP>

		<GROUP name="ODBC_Backup_Tab" label="TODBCForm_BackupConnBox" >
			<OPTION type="edit" name="0B" function="odbc_storage" label="TODBCForm_BNameL" />
			<OPTION type="edit" name="3B" function="odbc_storage" label="TODBCForm_BHostL" />
			<OPTION type="edit" name="1B" function="odbc_storage" label="TODBCForm_BUserL" />
			<OPTION type="password" name="2B" function="odbc_storage" label="TODBCForm_BPassL" />
		</GROUP>
                   
		<GROUP name="ODBC_Database_Tab" label="TConfigForm_DBODBCSettings" datfile="spam.dat" >
			<OPTION type="listbox" name="4" function="odbc_storage" label="TODBCForm_DBTypeL" labels="TODBCForm_DBType"  />
			<OPTION type="listbox" name="5" function="odbc_storage" label="TODBCForm_DriverL" labels="TODBCForm_DBDriver"  />
      
      <OPTION type="hidden" name="service" function="odbc_storage" />
      <OPTION type="button" btype="fbutton" inline="1" fileid="CheckDBConnection" cfileid="0|3|1|2|0B|3B|1B|2B|4|5|service" blabel="TODBCForm_TestButton" />
			<OPTION type="button" btype="fbutton" inline="1" fileid="CreateTables" cfileid="0|3|1|2|0B|3B|1B|2B|4|5|service" blabel="TODBCForm_CreateTablesBut" />
			<OPTION type="button" btype="fbutton" inline="1" fileid="DropTables" cfileid="0|3|1|2|0B|3B|1B|2B|4|5|service" blabel="TODBCForm_DropTablesBut" />

		</GROUP>
    </SECTION>
</FORM>
