﻿<?xml version="1.0"?>
<SYNTAX>
	<OBJECT NAME="Settings">
		<VARIABLE>Restart_ISAPI</VARIABLE>
		<VARIABLE>HTTP10</VARIABLE>
		<VARIABLE>DefaultPath</VARIABLE>
		<VARIABLE>NoKeepOpenHTTP</VARIABLE>
		<VARIABLE>NoScripts</VARIABLE>
		<VARIABLE>DirList</VARIABLE>
		<VARIABLE>Logging</VARIABLE>
		<VARIABLE>LoggingPath</VARIABLE>
		<VARIABLE>IP</VARIABLE>
		<VARIABLE>ExpireMode</VARIABLE>
		<VARIABLE>ExpireMins</VARIABLE>
		<VARIABLE>UseGlobal</VARIABLE>
		<VARIABLE>Description</VARIABLE>
		<VARIABLE>AuthMode</VARIABLE>
		<VARIABLE>AuthAdmin</VARIABLE>
		<VARIABLE>AuthDomainAdmin</VARIABLE>
		<VARIABLE>AuthUser</VARIABLE>
		<VARIABLE>MaxConnections</VARIABLE>
		<VARIABLE>DefaultHost</VARIABLE>
		<VARIABLE>Executables</VARIABLE>
	</OBJECT>
</SYNTAX>
