﻿<?xml version="1.0"?>

<FORM name="CFActionSubDialog" helpid="1125" >
	<SECTION name="EditHeader" label="TContentMessageFlags_PriorityBox" helpid="1125" >
		<GROUP name="EditHeader_Group" label="TContentMessageFlags_PriorityBox">
			<OPTION type="checkbox" name="0" function="cf_flags"  label="TContentMessageFlags_Flagged" />
			<OPTION type="checkbox" name="1" function="cf_flags"  label="TContentMessageFlags_Seen" />
			<OPTION type="checkbox" name="2" function="cf_flags" label="TContentMessageFlags_Junk" />
			<OPTION type="checkbox" name="3" function="cf_flags"   label="TContentMessageFlags_NonJunk" />
			<OPTION type="checkbox" name="4" function="cf_flags"   label="TContentMessageFlags_Label1" />
			<OPTION type="checkbox" name="5" function="cf_flags"   label="TContentMessageFlags_Label2" />
			<OPTION type="checkbox" name="6" function="cf_flags"   label="TContentMessageFlags_Label3" />
			<OPTION type="checkbox" name="7" function="cf_flags"   label="TContentMessageFlags_Label4" />
			<OPTION type="checkbox" name="8" function="cf_flags"   label="TContentMessageFlags_Label5" />
			<OPTION type="checkbox" name="9" function="cf_flags"   label="TContentMessageFlags_Label6" />
 		</GROUP>
	</SECTION>
</FORM>
