﻿<?xml version="1.0"?>

<FORM name="FTPGroup" helpid="21003">
	<SECTION name="Group" label="TFTPUserForm_GroupSheet" helpid="2100301" >
		<GROUP name="Group_General" label="TFTPUserForm_GroupPanel">
			<OPTION type="edit" name="name" variable="name" label="TFTPUserForm_GNameL" />
			<OPTION type="edit" name="description" variable="description" label="TFTPUserForm_GDescL" />
		</GROUP>

		<GROUP name="Group_Integration" label="TFTPUserForm_SystemBox">
			<OPTION type="checkbox" name="integrated" variable="integrated" label="TFTPUserForm_Integrate" />
			<OPTION type="edit" name="restriction" variable="restriction" label="TFTPUserForm_RestrictL" />
		</GROUP>
	</SECTION>


	<SECTION name="Permissions" label="TFTPUserForm_PathSheet" helpid="2100302" >
		<GROUP name="Permissions_Group" label="TFTPUserForm_PermissionsBox">
		  <OPTION type="datagrid" name="permissions" gtype="webservicesub" labels="TFTPUserForm_PathList" >
				<HEAD>
					<SELECTOR />
					<OPTION VINDEX="path" SIZE="+100" SORT="1" DYNAM="0" SORTDIR="0" DEFAULTSORT="0" />

				</HEAD>
				<SOURCE>
					<FILE DIALOG="ftppermissions" />
				</SOURCE>
				<BUTTONS>
					<BUTTON LABEL="TConfigForm_AddItemNext" TYPE="add" />
					<BUTTON LABEL="TPatternsForm_ChangeButton" TYPE="edit" />
					<BUTTON LABEL="TConfigForm_DeleteItem" TYPE="delete" />
				</BUTTONS>
			</OPTION>
		</GROUP>
	</SECTION>


	<SECTION name="Options" label="TFTPUserForm_OptionsSheet" helpid="2100303" >
		<GROUP name="Options_Group" label="TFTPUserForm_OptionsBox">
			<OPTION type="edit" name="DOWNLOADSPEEDLIMIT" variable="DOWNLOADSPEEDLIMIT" label="TFTPUserForm_DownSL" />
			<OPTION type="edit" name="UPLOADSPEEDLIMIT" variable="UPLOADSPEEDLIMIT" label="TFTPUserForm_UpSL" />
			<OPTION type="edit" name="DOWNLOADAMOUNTLIMIT" variable="DOWNLOADAMOUNTLIMIT" label="TFTPUserForm_DownAL" />
			<OPTION type="edit" name="UPLOADAMOUNTLIMIT" variable="UPLOADAMOUNTLIMIT" label="TFTPUserForm_UpAL" />
			<OPTION type="edit" name="UPLOADDOWNLOADRATIO" variable="UPLOADDOWNLOADRATIO" label="TFTPUserForm_UPDRL" />
		</GROUP>
	</SECTION>
</FORM>
