﻿<?xml version="1.0"?>

<FORM name="WebSite" helpid="20401" >
	<SECTION name="WebSite" label="TSyncMLFormAccount" helpid="2040101" >
		<GROUP name="WebSite_WebSite" label="TSyncMLFormAccount_GeneralBox">
			<OPTION type="checkbox" name="enabled" variable="enabled" label="TSyncMLPushForm_SyncMLPushActive" />
			<OPTION type="edit" name="id" variable="id" label="TSyncMLFormAccount" />
		</GROUP>

		<GROUP name="WebSite_W3CLogging" label="TSyncMLFormAccount_DevicesGroup">
    	<OPTION type="datagrid" name="device" gtype="session" labels="TSyncMLFormAccount_DeviceList">
			<HEAD>
          <SELECTOR />
          <OPTION VINDEX="notification_address" size="-200" SORT="1" DYNAM="0" SORTDIR="0" DEFAULTSORT="0" />
          <OPTION VINDEX="notification_transport" size="-150" SORT="1" DYNAM="0" SORTDIR="0" DEFAULTSORT="0" />
          <OPTION VINDEX="enabled" SHOW="bool2string" size="-150" SORT="1" DYNAM="0" SORTDIR="0" DEFAULTSORT="0" />
      </HEAD>
      	<SOURCE>
					<FILE DIALOG="push_device" />
				</SOURCE>
				<BUTTONS>
					<BUTTON LABEL="TSyncMLFormAccount_AddDevice" TYPE="add" />
					<BUTTON LABEL="TSyncMLFormAccount_EditDevice" TYPE="edit" />
					<BUTTON LABEL="TSyncMLFormAccount_DeleteDevice" TYPE="delete" />
				</BUTTONS>
			</OPTION>
		</GROUP>
	</SECTION>
</FORM>
