﻿<?xml version="1.0" encoding="utf-8" ?>
<MENU>
<PARAM ID="MMS" ICON="mms.png" LABEL="TTntMenuItems_Root" HELPID="2315" >
    <PARAM ID="DOMAINS" ICON="management.png" HELPID="306" label="TTntMenuItems_Accounts" />
    <PARAM ID="SYSTEM" ICON="system.png" HELPID="202" LABEL="TTntMenuItems_System"  >
        <PARAM ID="SERVICES" ICON="services.png" OBJECT="services" HELPID="516" LABEL="TTntMenuItems_ServicesPanel" />
        <PARAM ID="ICONNECTION" OBJECT="iconnection" ICON="iconnection.png" HELPID="20205" label="TTntMenuItems_InternetConnectionPanel" />
        <PARAM ID="TOOLS" ICON="tools.png" HELPID="20203" LABEL="TTntMenuItems_Tools"  >
            <PARAM ID="SYSTEMBACKUP" OBJECT="systembackup" ICON="sysbackup.png" HELPID="2020301" label="TTntMenuItems_BackupPanel" />
            <PARAM ID="SYSTEMON" OBJECT="systemmonitor" ICON="sysmonitor.png" HELPID="2020304" label="TTntMenuItems_MonitorPanel" />
        </PARAM>
        <PARAM ID="CERTIFICATES" OBJECT="certificates" ICON="certificates.png" HELPID="513" label="TTntMenuItems_SSLTLSPanel" />
    </PARAM>
    <PARAM ID="MSERVICE" ICON="mservice.png" HELPID="203" label="TTntMenuItems_MailServer"  >
        <PARAM ID="SMTPSERVICE" OBJECT="smtpservice" ICON="smtpservice.png" HELPID="20301" label="TTntMenuItems_SMTPServerPanel" />
        <PARAM ID="SECURITY" OBJECT="security" ICON="security.png" HELPID="20302" label="TTntMenuItems_SecurityPanel" />
        <PARAM ID="FILTERING" OBJECT="filters" ICON="filtering.png" HELPID="20303" label="TTntMenuItems_FilteringPanel" />
        <PARAM ID="AUTOARCHIVE" OBJECT="autoarchive" ICON="autoarchive.png" HELPID="2020307" label="TTntMenuItems_AutoArchivePanel" />

    </PARAM>
    <PARAM ID="ANTI-SPAM" ICON="antispam.png" HELPID="205" label="TTntMenuItems_AntiSpam" >
        <PARAM ID="ANTI-SPAM-GENERAL" OBJECT="general" ICON="antispam_general.png" HELPID="20501" label="TTntMenuItems_ASGeneralPanel" />
        <PARAM ID="ANTI-SPAM-ACTION" OBJECT="action" ICON="antispam_action.png" HELPID="20503" label="TTntMenuItems_ASActionPanel" />
        <PARAM ID="ANTI-SPAM-QUARANTINE" OBJECT="quarantine" ICON="antispam_quarantine.png" HELPID="2050401" label="TTntMenuItems_ASQuarantinePanel" />
        <PARAM ID="ANTI-SPAM-SPAMASSASSIN" OBJECT="spamassassin" ICON="antispam_spam_assasin.png" HELPID="2050301" label="TTntMenuItems_ASSAPanel" />
        <PARAM ID="ANTI-SPAM-LIVE" OBJECT="live" ICON="antispam_live.png" HELPID="2293" label="TTntMenuItems_CommTouchPanel" />
        <PARAM ID="ANTI-SPAM-BAYESIAN" OBJECT="bayesian" ICON="bayesian.png" HELPID="205030201" label="TTntMenuItems_ASBayesPanel" />
        <PARAM ID="ANTI-SPAM-BLACK_WHITE" OBJECT="black_white" ICON="bwlist.png" HELPID="501" label="TTntMenuItems_ASBWPanel" />
        <PARAM ID="ANTI-SPAM-GREYLISTING" OBJECT="greylisting" ICON="antispam_graylisting.png" HELPID="2050404" label="TTntMenuItems_ASGLPanel" />
        <PARAM ID="ANTI-SPAM-LEARNINGRULES" OBJECT="learningrules" ICON="antispam_learning_rules.png" HELPID="798" label="TTntMenuItems_ASLearnPanel" />
        <PARAM ID="ANTI-SPAM-MISCELLANEOUS" OBJECT="miscellaneous" ICON="antispam_miscellaneous.png" HELPID="20502" label="TTntMenuItems_ASMiscPanel" />
    </PARAM>

    <PARAM ID="ANTI-VIRUS"  OBJECT="antivirus" ICON="antivirus.png" HELPID="206" label="TTntMenuItems_AntiVirusPanel" />
    	<PARAM ID="GROUPWARE-WEBDAV" OBJECT="groupware_webdav" ICON="gw_webdav.png" HELPID="208" label="TConfigForm_GWWebDAVSheet"  />
    <PARAM ID="STATUS"  ICON="status.png" HELPID="980" label="TTntMenuItems_Status" >
        <PARAM ID="MESSAGEQUEUE" ICON="messagequeue.png" FILE="messagequeue.html" HELPID="20901" label="TTntMenuItems_MessageQueuePanel"  />
        <PARAM ID="SPAMQUEUE" ICON="status_spam_queues.png" OBJECT="spamqueue" HELPID="20908" label="TTntMenuItems_SpamQueuePanel"  />
        <PARAM ID="LOGS" ICON="logs.png" FILE="logs.html" HELPID="20905" label="TTntMenuItems_LogsPanel"   />
        <PARAM ID="STATISTICS" ICON="statistics.png" FILE="stats.html" HELPID="20903" label="TTntMenuItems_CountersPanel"   />
    </PARAM>
    <PARAM ID="LICENSE" ICON="license.png" FILE="license.html" HELPID="3" label="TConfigForm_LicensesItem"  />
	<PARAM ID="ABOUT" ICON="help.png" FILE="about.html" HELPID="3" label="TStrings_wa_aboutl"  />
</PARAM>
</MENU>
