﻿<?xml version="1.0"?>

<FORM name="GW" helpid="208" >
	<SECTION name="GW_GeneralTab" label="TConfigForm_GeneralGroupWareSheet" helpid="3979" >
		<GROUP name="GW_GeneralTab_General" label="TConfigForm_GeneralGroupWareSheet" datfile="calendar.dat" dattype="calendar">
			<OPTION type="checkbox" name="C_GW_General_Disable" variable="C_GW_General_Disable" inline="1" label="TConfigForm_CalendaringActive" inverse="1" source="API"/>
			<OPTION type="button" btype="xmledit" fileid="accessmode" cfileid="C_GW"  inline="1" blabel="TSpamEngineForm_ModeButton" />
			<OPTION type="edit" name="C_GW_SharedAccountPrefix" variable="C_GW_SharedAccountPrefix" label="TConfigForm_GWSharedAccountPrefixL" source="API" />
			<OPTION type="label" label="TConfigForm_CalDBSettingsL" inline="1" /><OPTION type="button" inline="1" btype="xmledit" fileid="odbc_gw" blabel="TConfigForm_DBODBCSettings" />
      <!-- <OPTION type="button" btype="textfile" fileid="calendar/calendar.dat" blabel="TConfigForm_CalBrowse" /> -->
		</GROUP>
		
    <GROUP name="GW_GeneralTab_Maintenance" label="TConfigForm_GWMaintenanceBox" datfile="calendar.dat" dattype="calendar">
			<OPTION type="edit" name="backupaccount" label="TAccountSelectForm"/>
			<OPTION type="account_select" target="backupaccount" nobrackets="true" />
			<OPTION type="button" btype="fbutton" fileid="BackupGWConfig" cfileid="backupaccount" label="TConfigForm_GWBackupL" blabel="TConfigForm_GWBackupButton" />
			<OPTION type="upload" name="restorefile" btype="restore" variable="restorefile" fileid="RestoreGWConfig" label="TConfigForm_GWRestoreL" blabel="TConfigForm_GWRestoreButton" />   
    	<OPTION type="button" btype="fbutton" fileid="DeleteGWConfig" cfileid="deletedata" label="TConfigForm_GWDeleteDataL" blabel="TConfigForm_GWDeleteData" />
		</GROUP>
    
		<GROUP name="GW_GeneralTab_Notify" label="TConfigForm_GWNotifications" datfile="calendar.dat" dattype="calendar">
			<OPTION type="edit" name="CalendarSender" variable="CalendarSender" label="TConfigForm_CalendarNotifySenderL" />
			<OPTION type="edit" name="CalendarFrom" variable="CalendarFrom" label="TConfigForm_CalendarNotifyEmailL" />
		</GROUP>
	</SECTION>

</FORM>
