﻿<?xml version="1.0"?>

<FORM name="listserv" helpid="403" >

<SECTION name="listserver_listservertab" label="TDomainAdminForm_ListServ" helpid="404" >
    <GROUP name="listserver_listservergroup" label="TDomainAdminForm_ListServ">
        <OPTION type="listbox" name="account_domain" function="account_domain" label="TFrameAccounts_DomainSheet" labels="function:domain_list" disable="edit"/>
        <OPTION type="edit" name="account_name" variable="u_alias" label="TFrameAccounts_AliasLabel" />
        <OPTION type="edit" name="listserv_desc" variable="u_name" label="TFrameAccounts_CatalogDesc" />
        <OPTION type="edit" name="listserv_owner" variable="m_owneraddress" label="TFrameAccounts_ListOwner" />
        <!-- TODO : no correct variable binding -->
        <OPTION type="listbox" name="listserv_sendall" variable="M_SendAllLists" label="TFrameAccounts_ListServSourceL" labels="TFrameAccounts_ListServSource"/>
        <OPTION type="edit" name="listserv_listfileedit" variable="M_ListFile" label="TFrameAccounts_ListFileLabel" disable="domainadmin"/>
        <OPTION type="listbox" name="listserv_subscription" variable="m_digestconfirmed" label="TFrameAccounts_ListSubLabel" labels="TFrameAccounts_ListServConfirmed"/>
        <OPTION type="checkbox" name="listserv_commandsubject" variable="m_listsubject" label="TFrameAccounts_CatalogCommand" />
        <!--<OPTION type="textfile" name="listserv_listfile" value="list_file" label="TFrameAccounts_TextFileEditShowButton" />-->
    </GROUP>

    <GROUP name="listserver_allowedcommandsgroup" label="TFrameAccounts_ListServCommandsGroupBox">
        <OPTION type="checkbox" name="listserv_join" variable="m_joinr" label="TFrameAccounts_JoinL" inline="1"/>
        <OPTION type="checkbox" name="listserv_review" variable="m_reviewr" label="TFrameAccounts_ReviewL" inline="1"/>
        <OPTION type="label"/>
		<OPTION type="checkbox" name="listserv_leave" variable="m_leaver" label="TFrameAccounts_LeaveL" inline="1"/>
		<OPTION type="checkbox" name="listserv_vacation" variable="m_vacationr" label="TFrameAccounts_ListVacation" inline="1"/>       <OPTION type="label"/>
        <OPTION type="checkbox" name="listserv_lists" variable="m_listsr" label="TFrameAccounts_ListsL" inline="1"/>
		<OPTION type="checkbox" name="listserv_bl" variable="m_blr" label="TFrameAccounts_ListBL" inline="1"/>
        <OPTION type="label"/>
        <OPTION type="checkbox" name="listserv_which" variable="m_whichr" label="TFrameAccounts_WhichL" inline="1"/>
		<OPTION type="checkbox" name="listserv_wl" variable="m_wlr" label="TFrameAccounts_ListWL" inline="1"/>
 
        
    </GROUP>
    </SECTION>
    <SECTION name="listserver_listsgrid" label="TFrameAccounts_ListServMembersSheet" helpid="407" >
        <GROUP name="listserver_listsgrid_group" label="TFrameAccounts_ListServMembersSheet"> 
          <OPTION type="datagrid" gtype="listmembers" name="list_member" labels="TFrameAccounts_ListMembersSheet">
            <HEAD>
                <SELECTOR />
                <OPTION VINDEX="0" size="+100" SORT="1" DYNAM="0" SORTDIR="0" DEFAULTSORT="0" />
            </HEAD>
      				<BUTTONS>
      					<BUTTON LABEL="TConfigForm_AddItemNext" TYPE="add" />
      					<BUTTON LABEL="TPatternsForm_ChangeButton" TYPE="edit" />
      					<BUTTON LABEL="TConfigForm_DeleteItem" TYPE="delete" />
      				</BUTTONS>
      				<SOURCE>
      				  <FILE DIALOG="list_member" />
      				</SOURCE>
      				<SYNTAX SINGLELINE="1">
      					<OBJECT ENDTAG="" NAME="list_member" LENGTH="1">
      					</OBJECT>
      				</SYNTAX>
          </OPTION>
        </GROUP>
</SECTION>

<SECTION name="mailinglist_servicestab" label="TConfigForm_ServicesSheet" helpid="4273" >
 <GROUP name="mailinglist_servicesgroup" label="TFrameAccounts_SAGroupBox">
	<OPTION type="checkbox" name="list_av" variable="l_avscan" access="av_general" label="TTntMenuItems_AntiVirusPanel"/>
	<OPTION type="checkbox" name="list_as" variable="l_as" access="as_general" label="TTntMenuItems_AntiSpam"/>
	<OPTION type="checkbox" name="list_q" variable="l_qa" access="as_challenge" label="TStatisticsForm_CRSheet"/>
    </GROUP>
</SECTION>
 
<SECTION name="listserver_optionstab" label="TFrameAccounts_ListServOptionSheet" helpid="410" >
    <GROUP name="listserver_optionsgroup" label="TFrameAccounts_ListServerOptBox">
        <OPTION type="checkbox" name="listserv_moderated" variable="m_moderated" label="TFrameAccounts_ModeratedListServer"/>
        <OPTION type="password" name="listserv_password" variable="M_moderatedpassword" label="TFrameAccounts_PassLabel" />
        <OPTION type="edit" name="listserv_helpfileedit" variable="M_helpfile" label="TFrameAccounts_ListServHelp" disable="domainadmin"/>
        <OPTION type="textfile" name="listserv_helpfile" value="listserv_help" label="TFrameAccounts_ListServHelp" />
        <OPTION type="listbox" name="listserv_originator" variable="m_listsender" label="TFrameAccounts_OrigiLabel" labels="TFrameAccounts_ListServOriginator"/>
        <OPTION type="checkbox" name="listserv_suppress" variable="m_maxlist" label="TFrameAccounts_SuppressList"/>
    </GROUP>

</SECTION>


<SECTION name="listserver_BWtab" label="TFrameAccounts_BWUserSheet" helpid="1130" >
        <GROUP name="user_bwgroup" label="TFrameAccounts_BWUserSheet"> 
          <OPTION type="checkbox" name="user_bwactive" variable="U_BlackWhiteFilter" label="TFrameAccounts_ListBW" />
          <!--<OPTION type="bwfile" name="user_bw" value="account_bw" label="TFrameAccounts_BWUserSheet"/>  
          !--><OPTION type="datagrid" gtype="rules" name="u_rules" labels="TRulesItemForm_Labels">
            <HEAD>
              <SELECTOR />
                <OPTION VINDEX="icon" size="-20" SORT="1" DYNAM="0" SORTDIR="0" DEFAULTSORT="0" />
                <OPTION VINDEX="active" size="-15" SORT="1" DYNAM="0" SORTDIR="0" DEFAULTSORT="0" />
                <OPTION VINDEX="title" size="+100" SORT="1" DYNAM="0" SORTDIR="0" DEFAULTSORT="0" />
            </HEAD>
      				<BUTTONS>
      					<BUTTON LABEL="TConfigForm_AddItemNext" TYPE="add" />
      					<BUTTON LABEL="TPatternsForm_ChangeButton" TYPE="edit" />
      					<BUTTON LABEL="TConfigForm_DeleteItem" TYPE="delete" />
      				</BUTTONS>
      				<SOURCE>
      				  <FILE DIALOG="rules" />
      				</SOURCE>
      				<SYNTAX SINGLELINE="1" MULTIPLE="1">
      					<OBJECT ENDTAG="" NAME="members" LENGTH="2">
      						<SEPS>;</SEPS>
      					</OBJECT>
      				</SYNTAX>
          </OPTION>
        </GROUP>
</SECTION>

</FORM>
