﻿<?xml version="1.0"?>

<FORM name="route" helpid="431" >

<SECTION name="staticroute_staticroutetab" label="TDomainAdminForm_Static" helpid="432" >
<GROUP name="staticroute_staticroutegroup" label="TDomainAdminForm_Static">
<OPTION type="listbox" name="account_domain" function="account_domain" label="TFrameAccounts_DomainSheet" labels="function:domain_list" disable="edit"/>
<OPTION type="edit" name="account_name" variable="u_alias" label="TFrameAccounts_AliasLabel" />
<OPTION type="edit" name="route_desc" variable="u_name" label="TFrameAccounts_SRDesc" />
<OPTION type="listbox" name="route_action" variable="R_Activity" label="TFrameAccounts_SRAc" labels="TFrameAccounts_SRActiveBox"/>
<OPTION type="checkbox" name="route_externaldomain" variable="r_externaldomain" label="TFrameAccounts_ExternalDomain"/>
<OPTION type="edit" name="route_value" variable="r_activityvalue" label="TFrameAccounts_SRVl" />
<OPTION type="edit" name="route_forwardto" variable="R_SaveTo" label="TFrameAccounts_FrwardToLabel" />
</GROUP>

<!--<GROUP name="staticroute_filtergroup" label="TFrameAccounts_SMSFilterRadio">
<OPTION type="radio" name="route_filterradio" variable="R_ExternalFilter" label="TFrameAccounts_RouteAll" labels="FORM_ROUTEFILTERLIST" value="2"/>
<OPTION type="radio" name="route_filterradio" variable="R_ExternalFilter" label="TFrameAccounts_DefaultFilterRadio" labels="FORM_ROUTEFILTERLIST" value="0">
  <OPTION type="edit" name="route_application" variable="R_externalfilterfile" label="TAntivirusSettingForm_ExternalSheet" disable="domainadmin"/>
</OPTION>
<OPTION type="radio" name="route_filterradio" variable="R_ExternalFilter" label="TFrameAccounts_ExternalFilterRadio" labels="FORM_ROUTEFILTERLIST" value="1">
  <OPTION type="listbox" name="route_type" variable="R_ExternalFilterType" label="TFrameAccounts_ExecTypeL" labels="TFrameAccounts_ExecType" />
</OPTION>
</GROUP>-->

</SECTION>

<SECTION name="mailinglist_servicestab" label="TConfigForm_ServicesSheet" helpid="4293" >
 <GROUP name="mailinglist_servicesgroup" label="TFrameAccounts_SAGroupBox">
	<OPTION type="checkbox" name="group_av" variable="g_avscan" access="av_general" label="TTntMenuItems_AntiVirusPanel"/>
  <OPTION type="checkbox" name="group_as" variable="g_as" access="as_general" label="TTntMenuItems_AntiSpam"/>
  <OPTION type="checkbox" name="group_q" variable="g_qa" access="as_challege" label="TStatisticsForm_CRSheet"/>
</GROUP>
</SECTION>

<SECTION name="staticroute_BWtab" label="TFrameAccounts_BWUserSheet" helpid="1149" >
        <GROUP name="user_bwgroup" label="TFrameAccounts_BWUserSheet"> 
          <OPTION type="checkbox" name="user_bwactive" variable="U_BlackWhiteFilter" label="TFrameAccounts_ListBW" />
          <OPTION type="datagrid" gtype="rules" name="u_rules" labels="TRulesItemForm_Labels">
            <HEAD>
              <SELECTOR />
                <OPTION VINDEX="icon" size="-20" SORT="1" DYNAM="0" SORTDIR="0" DEFAULTSORT="0" />
                <OPTION VINDEX="active" size="-15" SORT="1" DYNAM="0" SORTDIR="0" DEFAULTSORT="0" />
                <OPTION VINDEX="title" size="+100" SORT="1" DYNAM="0" SORTDIR="0" DEFAULTSORT="0" />
            </HEAD>
      				<BUTTONS>
      					<BUTTON LABEL="TConfigForm_AddItemNext" TYPE="add" />
      					<BUTTON LABEL="TPatternsForm_ChangeButton" TYPE="edit" />
      					<BUTTON LABEL="TConfigForm_DeleteItem" TYPE="delete" />
      				</BUTTONS>
      				<SOURCE>
      				  <FILE DIALOG="rules" />
      				</SOURCE>
      				<SYNTAX SINGLELINE="1" MULTIPLE="1">
      					<OBJECT ENDTAG="" NAME="members" LENGTH="2">
      						<SEPS>;</SEPS>
      					</OBJECT>
      				</SYNTAX>
          </OPTION>
        </GROUP>
</SECTION>

</FORM>
